Class,Train Count,Train %,Val Count,Val %,Test Count,Test %
Background,1949406,1.1110106084202844,1090878,1.8148576604001603,825580,1.4241460742822987
No Damage,128017737,72.96020627460773,43245235,71.94566763245305,43812272,75.57726104579602
Minor Damage,15908031,9.066346979581855,5998339,9.979238268465435,4741266,8.178802007107896
Major Damage,20097861,11.454225942444163,6338670,10.545435700645427,5524317,9.529584496524825
Destroyed,9489376,5.408210194945971,3435063,5.714800738035927,3066742,5.290206376288967
